"","COU","YEAR","FOODTFAT.PROPERQT","FOODCALT.CALPERQT","FOODPROT.PROPERQT","FOODSUCR.KGPPERNB","FOODFRUI.KGPPERNB","ACOLALCT.LIPPERNB","FOODVEGG.KGPPERNB","PHARMAEXP.PC_GDP","HRWKD.HR_WKD","MNTDISORDSHR.PC_POBL"
"1","AUS",2005,137.3,3099,104.9,46.8,108.1,10.5,97.8,1.216,1808,18.19619138
"2","AUS",2006,143.4,3156,104.6,46.4,100.7,10.8,97.5,1.22,1802,18.17163762
"3","AUS",2007,143.9,3198,108.3,47.4,105.2,10.8,99.7,1.226,1803,18.14013497
"4","AUS",2008,141,3199,106.5,47,101.6,10.8,102.3,1.272,1799,18.11224713
"5","AUS",2009,143.6,3205,103.3,45.9,98.7,10.7,97,1.33,1767,18.0700069
"6","AUS",2010,145.9,3213,103.8,46.1,100,10.4,97.8,1.318,1778,18.04403064
"7","AUS",2011,148.6,3237,105.9,46.5,94.9,10.2,95.8,1.308,1774,18.00562541
"8","AUS",2012,152.4,3257,104.5,45.9,91.5,10,99.9,1.328,1771,17.98488454
"9","AUS",2013,150.9,3276,106.3,46.1,88.2,9.9,102.8,1.313,1766,17.94983809
"10","AUS",2014,155.6,3407,107.3,61.8,71.7,9.7,86.7,1.3,1755,17.90478661
"11","AUS",2015,156.7,3393,109.6,60.5,71.6,9.8,90.4,1.352,1751,17.85192927
"12","AUS",2016,157.6,3416,110.2,60,78.2,9.5,93.3,1.395,1739,17.82295457
"13","AUT",2005,152.3,3640,102.7,49.6,143.7,12.6,93.1,1.274,1632,14.49833169
"14","AUT",2006,162.3,3719,101.5,48.8,144.1,12.9,94.8,1.265,1617,14.49278321
"15","AUT",2007,162.8,3737,103.7,46.9,149.7,12.9,95.9,1.286,1606,14.48164186
"16","AUT",2008,161.9,3717,101.8,48.8,156.7,12.4,101.8,1.306,1599,14.47924113
"17","AUT",2009,167.8,3723,102.4,46.8,130.5,12.1,101.2,1.265,1558,14.45264733
"18","AUT",2010,170.3,3724,101.8,48.3,130.7,12.5,105.7,1.249,1552,14.45296461
"19","AUT",2011,166.2,3735,103.3,47.7,155.8,12.2,109.3,1.232,1557,14.44989884
"20","AUT",2012,167.7,3739,103.4,47.3,156.4,12.4,103.8,1.23,1535,14.45423776
"21","AUT",2013,170.4,3768,106.2,45.3,154.1,12.4,103.7,1.223,1520,14.45567139
"22","AUT",2014,162.2,3672,106.5,44.9,89.6,12.8,101.9,1.259,1510,14.4594251
"23","AUT",2015,163.7,3664,107.1,46.9,89.6,11.9,89.3,1.274,1495,14.46326367
"24","AUT",2016,162.3,3659,109.6,48.5,79,12.1,94.5,1.239,1507,14.46000954
"25","BEL",2005,163.3,3716,99.3,53.2,69.9,12.2,124.6,1.564,1578,15.35459411
"26","BEL",2006,163.6,3716,100.1,51,87.2,10.9,122.6,1.5,1592,15.38919702
"27","BEL",2007,165.2,3713,101.2,50.4,84.1,10.3,129.1,1.518,1594,15.41155009
"28","BEL",2008,162.4,3702,98.4,52.6,90.4,10.5,129.2,1.425,1582,15.44958373
"29","BEL",2009,159.4,3697,96.1,54.4,78.1,10.1,128.9,1.464,1563,15.46827859
"30","BEL",2010,161.3,3707,96.9,57.1,70.7,10.3,117.1,1.412,1574,15.49302188
"31","BEL",2011,167.7,3720,96.6,50.5,59.8,10.1,129.2,1.41,1590,15.48898783
"32","BEL",2012,161.6,3715,99,55.7,61.7,10.1,130.3,1.341,1587,15.49207762
"33","BEL",2013,162.3,3733,99.6,52.4,71.4,10.3,136.4,1.326,1586,15.48163448
"34","BEL",2014,161.7,3789,98.5,53.3,150.5,10.6,112.4,1.297,1582,15.49554333
"35","BEL",2015,166.6,3804,98.9,61.5,116.3,10.4,103.4,1.325,1575,15.49413966
"36","BEL",2016,165.2,3774,99.8,58.8,120.7,9.4,115.4,1.3,1574,15.49780274
"37","CAN",2005,144.3,3475,102.1,53.8,129.3,8,119.2,1.632,1745,14.5486735
"38","CAN",2006,143.2,3470,103.5,52.8,131.9,8.2,121.1,1.675,1744,14.61905076
"39","CAN",2007,144.9,3483,104.4,53.3,142.7,8.4,122.6,1.674,1744,14.70029386
"40","CAN",2008,145.8,3465,104.7,51.3,132.8,8.4,114.1,1.683,1741,14.80018797
"41","CAN",2009,145.3,3440,103.1,49.5,134,8.4,113.1,1.88,1712,14.91423925
"42","CAN",2010,148.1,3447,104.1,46.1,133.3,8.4,110.7,1.946,1715,15.06168603
"43","CAN",2011,149.7,3474,103.9,50,128.6,8.2,113,1.858,1713,15.080861
"44","CAN",2012,149,3485,104.6,48.2,125.8,8.3,115.2,1.828,1722,15.09696466
"45","CAN",2013,147.1,3494,105,48.3,135.7,8.2,108.5,1.765,1716,15.12262958
"46","CAN",2014,157.1,3414,98.7,93.5,96.1,8,105.4,1.697,1710,15.14537574
"47","CAN",2015,158.5,3419,97.6,93.1,93.1,8,103.4,1.787,1712,15.15912579
"48","CAN",2016,157.5,3494,102.4,90.4,99.4,8.1,104.8,1.825,1706,15.17458086
"49","CZE",2005,128.1,3318,99.3,37.6,69.7,12,79,1.63,1803,11.97898018
"50","CZE",2006,137.7,3279,95.3,32.1,68.9,11.9,77.6,1.447,1789,11.9690466
"51","CZE",2007,134.3,3261,95.1,34.7,70.2,12.1,75.4,1.33,1775,11.95726452
"52","CZE",2008,137.7,3268,93.8,35,76.8,12.1,77.6,1.323,1790,11.93918921
"53","CZE",2009,136.2,3276,92.6,38.9,75.8,12.1,72,1.605,1779,11.93679917
"54","CZE",2010,137.7,3276,92.8,40.4,72,11.4,70.5,1.404,1799,11.92209421
"55","CZE",2011,133.3,3251,90.8,41.3,68.6,11.5,74,1.415,1805,11.91866606
"56","CZE",2012,137,3243,86.9,43.6,58.7,11.6,68.2,1.5,1776,11.89407704
"57","CZE",2013,137.1,3256,87.5,42.9,65.6,11.5,72.2,1.4,1764,11.88927668
"58","CZE",2014,128.5,3197,87.4,56.3,50.5,11.9,73.5,1.312,1774,11.89228053
"59","CZE",2015,125,3122,87.4,48.2,56.3,11.5,72.9,1.256,1751,11.89107728
"60","CZE",2016,137.3,3239,88.6,46.7,54.6,11.7,79.5,1.239,1774,11.88029338
"61","DNK",2005,137.5,3414,115.6,50.8,136.4,12.7,97.7,0.78,1451,13.69306162
"62","DNK",2006,130.9,3407,112.9,54,127,12.2,99.6,0.799,1456,13.68858303
"63","DNK",2007,130.4,3445,110.6,62.7,111.1,12.1,97.2,0.829,1433,13.67401398
"64","DNK",2008,127.2,3326,109.3,53.5,111,10.9,100.1,0.792,1430,13.67166013
"65","DNK",2009,131.3,3340,103.9,52.4,122,10.1,116.9,0.813,1417,13.67109098
"66","DNK",2010,130.3,3398,110.4,53.6,100.5,10.3,120.8,0.837,1422,13.66031267
"67","DNK",2011,131.3,3348,106.4,53.3,98.7,10.5,121.9,0.797,1437,13.64669847
"68","DNK",2012,134.1,3331,103.8,55.5,125.2,9.3,109.3,0.759,1423,13.65654274
"69","DNK",2013,134.5,3367,108.9,55.5,121.6,9.4,105.3,0.704,1426,13.64428347
"70","DNK",2014,131.4,3355,108.7,54.8,58.9,9.5,97.5,0.697,1414,13.65031779
"71","DNK",2015,131.4,3342,109.6,54.9,58,9.3,93.4,0.692,1407,13.64105151
"72","DNK",2016,133.7,3368,114.3,54.9,56.9,9.4,97.4,0.67,1412,13.63843301
"73","FIN",2005,127.5,3201,106,34,94.3,10,78.7,1.304,1613,14.8308368
"74","FIN",2006,129.1,3237,108.1,33.4,89.8,10.1,74.6,1.172,1608,14.8568641
"75","FIN",2007,131.7,3281,110.5,34.5,93.6,10.5,79.1,1.146,1605,14.87131503
"76","FIN",2008,131.7,3236,111.8,29.9,87.7,10.3,78,1.176,1601,14.89925725
"77","FIN",2009,131.1,3233,109.9,33.8,89.8,10,84.7,1.242,1580,14.91146741
"78","FIN",2010,134.4,3280,112.4,30.8,89.5,9.7,80.2,1.192,1585,14.93666863
"79","FIN",2011,138,3305,113.9,31.3,94.6,9.8,88,1.15,1578,14.91465219
"80","FIN",2012,137.5,3323,116.4,31.7,100.9,9.3,82.4,1.165,1568,14.89214437
"81","FIN",2013,140.3,3368,117.7,31.7,95.2,9.1,88.8,1.178,1560,14.88622888
"82","FIN",2014,142.1,3320,118,40.2,68.1,8.8,83.9,1.155,1558,14.86561525
"83","FIN",2015,140.7,3333,118.2,40.3,70.5,8.5,80.5,1.171,1555,14.84323565
"84","FIN",2016,140.8,3339,117.6,40.3,71,8.4,84,1.179,1555,14.8228615
"85","FRA",2005,162.9,3538,111.3,41.7,112.1,12.9,104.2,1.795,1532,15.95087872
"86","FRA",2006,162.9,3513,111,37.9,110.9,13.1,97.6,1.753,1515,15.94258465
"87","FRA",2007,160.4,3466,110.6,37.3,116.2,12.9,98.2,1.709,1537,15.93024435
"88","FRA",2008,167.3,3551,112.6,36.3,115.3,12.5,100.8,1.708,1543,15.91230967
"89","FRA",2009,165.1,3530,111.2,40.4,116,12.6,105.6,1.773,1531,15.9075256
"90","FRA",2010,163.5,3536,113.2,38,113,12.3,103.1,1.725,1540,15.89610236
"91","FRA",2011,161.4,3514,111.8,37.7,113.9,12.4,99.5,1.674,1546,15.87035223
"92","FRA",2012,157.7,3460,111.3,38,107.9,12.2,98.3,1.629,1541,15.84041581
"93","FRA",2013,159.2,3482,110.5,39.2,114.3,11.6,97.3,1.579,1526,15.82819081
"94","FRA",2014,149.3,3411,107.1,37.3,80.2,12,94.8,1.564,1518,15.79035076
"95","FRA",2015,148.6,3488,108.9,38.6,78.6,11.9,93.2,1.521,1519,15.75891609
"96","FRA",2016,149.6,3532,109.6,38.7,91.8,11.7,100.7,1.483,1522,15.73401006
"97","DEU",2005,139,3450,97,50.9,87.1,11.7,86.2,1.557,1432.4,14.82421497
"98","DEU",2006,140.7,3466,99.2,48.2,84.3,11.8,88,1.522,1453.2,14.82364042
"99","DEU",2007,146,3527,102.5,46.1,83.1,11.5,86.6,1.538,1454.1,14.82253778
"100","DEU",2008,144.1,3517,101.3,49.5,81.1,11.4,87.9,1.571,1447.3,14.81735425
"101","DEU",2009,142.8,3515,102.6,48.1,81.6,11.2,91.7,1.708,1405,14.81801372
"102","DEU",2010,144.1,3504,101.9,49.9,78.7,11.6,90,1.661,1425.7,14.81794024
"103","DEU",2011,145.7,3538,103.2,48.7,88.2,11.3,94.1,1.537,1426.9,14.8107239
"104","DEU",2012,144.3,3501,101.8,47.4,87.9,11.3,96.9,1.531,1408,14.8289557
"105","DEU",2013,141.9,3499,101.6,48.5,88.5,11.1,92.9,1.537,1396.5,14.83674107
"106","DEU",2014,142.2,3541,104.1,49,70.5,11.1,90,1.579,1400.4,14.82879866
"107","DEU",2015,143.7,3567,105.1,49.3,75.8,11.1,88.4,1.603,1401,14.83289407
"108","DEU",2016,145.1,3557,104.7,47.5,76.5,11,91.8,1.618,1395.6,14.83323015
"109","GRC",2005,149.2,3593,114.5,34,171,9.2,262.8,2.136,2025,15.95418395
"110","GRC",2006,148.2,3485,113.6,28.6,151.9,8.7,237.9,2.206,2015,15.9446887
"111","GRC",2007,149.3,3511,115.1,31.4,158.1,8.9,241.6,2.255,2001,15.93400841
"112","GRC",2008,152.5,3519,111.9,31.1,140.3,8.7,230.5,2.433,1997,15.92478934
"113","GRC",2009,153.9,3505,113.3,27.6,145.8,8.3,246.3,2.573,1973,15.90606808
"114","GRC",2010,152.3,3442,112,28.2,123.7,8.3,219.8,2.761,1931,15.89975781
"115","GRC",2011,153.9,3427,109.6,27.4,126.5,7.5,237.9,2.848,1950,15.86233158
"116","GRC",2012,148.7,3404,108.2,29.7,117.4,7.6,227.8,2.588,1990,15.79192332
"117","GRC",2013,146.7,3400,108.8,29.3,121.5,7.6,224.4,2.326,1997,15.74901523
"118","GRC",2014,152.2,3439,109.1,29.3,109.9,7.1,161.5,2.127,1949,15.68300837
"119","GRC",2015,148.2,3396,106.2,29.2,114.2,6.7,169,2.168,1935,15.6244133
"120","GRC",2016,147.5,3336,105.1,29.2,95.8,6.7,163.3,2.222,1943,15.56011187
"121","HUN",2005,138.4,3270,90.6,36,80.9,13,108,2.502,1834.1,11.99617395
"122","HUN",2006,139.1,3278,90.4,37.1,93.7,13.2,128.9,2.491,1813.9,11.99022614
"123","HUN",2007,139.6,3164,87.3,35,73.6,12.6,113.9,2.281,1787.8,11.97555292
"124","HUN",2008,139.1,3149,86.5,35.9,62,11.8,115,2.265,1791.2,11.96957266
"125","HUN",2009,136.7,3140,85.1,34.3,82.2,11.5,105,2.379,1758.2,11.97237457
"126","HUN",2010,136.7,3062,81.5,34.3,65.5,10.8,70.5,2.483,1766.4,11.95150655
"127","HUN",2011,136,3064,81.9,35.3,51.8,11.4,94,2.622,1753.7,11.94841708
"128","HUN",2012,132.7,3009,80.7,34.4,71.2,11.1,80.9,2.421,1738.3,11.95989214
"129","HUN",2013,137.7,3037,78.9,34.7,58.4,10.6,78.9,2.196,1733.6,11.95726803
"130","HUN",2014,138.1,3110,83.1,40.5,69,10.9,90.7,2.126,1748.6,11.95277875
"131","HUN",2015,147.8,3222,85.1,41.6,62.2,10.8,93.8,2.044,1745.9,11.96094332
"132","HUN",2016,149.6,3251,87.1,40.9,59.7,11.1,91.1,2.062,1760.2,11.95985289
"133","ISL",2005,144.6,3323,129.3,47.7,114.2,7.1,65.2,1.317,1637,14.39890225
"134","ISL",2006,149.1,3401,134.7,47,136.9,7.2,72.3,1.242,1627,14.37485936
"135","ISL",2007,151.3,3458,138.2,46.5,149.1,7.5,76.5,1.159,1605,14.35729444
"136","ISL",2008,149.7,3428,134.2,46.7,143.5,7.2,72.7,1.241,1625,14.3456878
"137","ISL",2009,146.4,3394,134.4,48.4,128,7.2,69.5,1.398,1536,14.347767
"138","ISL",2010,144.9,3341,131,48.8,123.9,6.8,68.5,1.361,1528,14.34360751
"139","ISL",2011,145.9,3348,131.8,47.3,124.3,6.8,69.1,1.281,1538,14.35101699
"140","ISL",2012,149.5,3396,134.1,48.2,136.9,6.8,72.3,1.227,1523,14.35166213
"141","ISL",2013,151,3380,133.5,48.2,133.1,6.8,70.1,1.136,1524,14.36052693
"142","ISL",2014,158.7,3458,136.4,48.1,83.8,7,65.2,1.067,1513,14.35826055
"143","ISL",2015,164.1,3557,140.5,49.8,86.5,7.7,65.7,1.02,1511,14.36524254
"144","ISL",2016,164.1,3572,140.8,52.8,88.6,7.5,69.2,0.938,1520,14.36475262
"145","IRL",2005,134.1,3485,113,38,111.8,13.4,71.6,1.183,1883,15.31634163
"146","IRL",2006,125.4,3503,114.2,39.6,111.9,13.4,80,1.238,1879,15.33294966
"147","IRL",2007,129.5,3532,111.6,42.4,139.1,13.2,82.2,1.277,1865,15.35013821
"148","IRL",2008,133.2,3582,112.3,43.7,149.6,12.2,88.1,1.453,1844,15.37984654
"149","IRL",2009,130.2,3571,111.6,39.2,142.9,11,87.2,1.59,1812,15.39421692
"150","IRL",2010,130.4,3591,111.7,38.3,129.8,11.6,91.5,1.557,1721,15.4307696
"151","IRL",2011,129.8,3600,108.1,49.2,123.5,11.7,96.1,1.525,1737,15.41950587
"152","IRL",2012,130,3598,105.9,48.6,150.4,11.5,97.1,1.534,1738,15.41047591
"153","IRL",2013,125.8,3600,110,46,158.6,10.6,93.9,1.394,1743,15.40671943
"154","IRL",2014,131.5,3654,106.4,90.9,61.7,10.8,87.5,1.261,1757,15.3918503
"155","IRL",2015,136.5,3717,114.3,81.6,65.8,10.7,90.9,0.955,1771,15.39206627
"156","IRL",2016,135.1,3746,111.4,84.3,65.7,11.2,93.4,0.968,1763,15.37672412
"157","ITA",2005,147.9,3567,111.4,31.9,153.6,8.7,183.4,1.699,1811.1,14.85455152
"158","ITA",2006,156.5,3625,110.9,29.9,161.5,8.4,160.2,1.698,1811.9,14.91575316
"159","ITA",2007,156.4,3618,110.7,29.7,161.6,8.4,157.7,1.627,1817.7,14.97404494
"160","ITA",2008,155.9,3595,110.6,29.7,155.7,8,153.3,1.637,1806.5,15.02657803
"161","ITA",2009,152.7,3599,112,29.6,174.4,7.3,174.8,1.698,1775.2,15.08574414
"162","ITA",2010,156.5,3583,111.7,30,152.6,7,148.1,1.672,1776.8,15.14894139
"163","ITA",2011,157.5,3575,109.9,30.8,144,7,144.4,1.627,1772.6,15.1413209
"164","ITA",2012,157.9,3575,109.1,31.5,129.9,7.5,133.8,1.461,1733.6,15.14489446
"165","ITA",2013,154.7,3579,108.5,32.1,139.8,7.4,128.9,1.497,1719.1,15.13936499
"166","ITA",2014,148.7,3487,105.9,32.7,119.6,7.6,128,1.508,1716.3,15.13717079
"167","ITA",2015,146,3483,104.6,32.5,125.3,7.1,133.9,1.582,1717.5,15.12307595
"168","ITA",2016,146.6,3472,103.6,32.5,121.1,7.1,132.1,1.54,1721.7,15.12199644
"169","JPN",2005,90.6,2829,92.4,28.7,60.3,8.5,107.8,1.54,1775,12.27209186
"170","JPN",2006,89.4,2778,90.2,27.6,55.2,7.9,106.1,1.545,1784,12.29251996
"171","JPN",2007,89,2817,90.7,30.1,57.8,7.7,104.8,1.576,1785,12.31110396
"172","JPN",2008,88.8,2734,89.1,28.4,55.1,7.5,102.9,1.632,1771,12.33075415
"173","JPN",2009,85.5,2675,87.1,27.6,52.5,7.4,100.6,1.901,1714,12.35136774
"174","JPN",2010,87.5,2685,87.6,25.3,49.1,7.3,98.9,1.875,1733,12.37293789
"175","JPN",2011,87.2,2712,87.4,27.9,51.2,7.3,101.3,2.008,1728,12.40152982
"176","JPN",2012,87.2,2740,88.6,27.5,54.3,7.2,104.4,2.038,1745,12.43377587
"177","JPN",2013,86.6,2726,87.7,27.1,52.9,7.4,102.3,2.035,1734,12.46534086
"178","JPN",2014,87.1,2720,87.1,27.4,34.5,7.1,94.3,2.037,1729,12.49538676
"179","JPN",2015,87.5,2701,86.2,27.1,33.8,7.2,93.9,2.148,1719,12.52690771
"180","JPN",2016,86.5,2695,85.7,27,34,7.2,92.5,2.012,1714,12.55893839
"181","KOR",2005,85.2,3102,87.6,38,76.1,9,215.8,1.251,1745.23048543689,12.60056003
"182","KOR",2006,87.1,3113,90.2,37.8,70.8,9.2,224.1,1.358,1745.23048543689,12.60894098
"183","KOR",2007,90.4,3139,91.1,36.5,79.9,9.3,215.1,1.358,1745.23048543689,12.61866973
"184","KOR",2008,92.6,3187,93.1,36.5,74.1,9.5,222.8,1.381,2228,12.63324912
"185","KOR",2009,97,3203,91.9,34.7,72.9,8.9,217.8,1.463,2174,12.64844398
"186","KOR",2010,100,3281,91.6,38.1,67.6,8.9,196.5,1.46,2163,12.67176724
"187","KOR",2011,102.7,3354,97.2,36.5,67.1,8.9,221.7,1.454,2136,12.67906847
"188","KOR",2012,105.2,3325,95.6,37.7,67.1,9,197.8,1.43,2119,12.6922246
"189","KOR",2013,102.3,3334,96.2,38.4,66.9,8.7,205.9,1.385,2106,12.69039705
"190","KOR",2014,104.5,3333,95.4,38.1,58.7,8.9,210.3,1.388,2076,12.69988518
"191","KOR",2015,106.1,3342,96.5,37.4,51.5,9.1,191.7,1.382,2083,12.69743548
"192","KOR",2016,105.4,3347,96.7,38.3,52.3,8.7,185.3,1.436,2068,12.71750807
"193","LUX",2005,151.9,3502,110.1,50.7,189.2,12.3,87.6,0.733,1550,14.73425625
"194","LUX",2006,146.6,3505,109.8,51.5,197.7,12.4,89.9,0.684,1552,14.72674652
"195","LUX",2007,145.1,3501,108.7,51.9,187.9,12.2,86.9,0.665,1566,14.72195206
"196","LUX",2008,146.2,3511,108.2,51.6,206.2,12,89,0.669,1567,14.70748286
"197","LUX",2009,143.8,3511,108.1,52.6,177.5,11.9,79,0.724,1517,14.69637678
"198","LUX",2010,140.3,3526,110.3,50.1,176.2,11.9,110.1,0.68,1517,14.6889219
"199","LUX",2011,137.6,3532,113.9,46.6,202.2,11.8,109.3,0.543,1515,14.69044949
"200","LUX",2012,140.3,3540,115.6,50.8,202.4,11.8,107.8,0.699,1508,14.7070882
"201","LUX",2013,141.8,3539,113.9,51.4,200.8,11.4,107.4,0.674,1503,14.70927826
"202","LUX",2014,138,3495,111.8,163.5,79.7,11.6,94.5,0.636,1506,14.71353565
"203","LUX",2015,139.8,3467,112.2,163.2,81.1,11.5,91.4,0.617,1514,14.72413017
"204","LUX",2016,140.1,3466,111.4,161.7,90.8,11.4,98.7,0.603,1512,14.72570704
"205","MEX",2005,90.9,3065,87.1,46.4,108.7,5,63.4,2.078,2105,11.15370793
"206","MEX",2006,89.2,3079,88,48.4,112.4,5.2,61.7,1.964,2067,11.13692304
"207","MEX",2007,91.1,3101,88.7,48.5,109.6,4.1,64.6,1.956,2045,11.11988299
"208","MEX",2008,91.1,3079,88.2,48.9,111.2,4,62,1.889,2105,11.10208355
"209","MEX",2009,89.8,3043,86.9,49.8,107.4,4.3,55,1.989,1973,11.08628977
"210","MEX",2010,90.6,3041,87.1,49.7,97.5,4,56.2,1.462,2150,11.06833036
"211","MEX",2011,92.9,3028,85.4,49,100.7,4,51.6,1.247,2121,11.07206726
"212","MEX",2012,91.4,3049,86.6,50.7,98.1,3.9,59.8,1.325,2120,11.07292889
"213","MEX",2013,93.6,3072,87.6,48.5,107.4,3.9,55.9,1.311,2136,11.07809051
"214","MEX",2014,96.6,3132,89.9,48.7,108.8,4,57.3,1.279,2134,11.08089485
"215","MEX",2015,97.8,3131,90,49.7,110.4,4.4,60.9,1.295,2140,11.08312545
"216","MEX",2016,99.7,3155,90.7,50.2,115,4.4,67,1.262,2146,11.08936071
"217","NLD",2005,140.1,3231,105.1,46.7,127,9.6,86.1,1.014,1434,17.08610619
"218","NLD",2006,132.4,3213,108.6,46.4,129.6,9.6,94.6,0.969,1430,17.10676427
"219","NLD",2007,131.6,3237,106,46.9,135,9.6,105.7,0.986,1429,17.12858488
"220","NLD",2008,132.7,3228,108,46,125.2,9.7,103.5,0.925,1429,17.13782713
"221","NLD",2009,127,3213,110.7,47.2,111.4,9.4,88.4,0.96,1420,17.16307435
"222","NLD",2010,125.1,3208,107.8,47.1,116.2,9.1,78.4,0.961,1420,17.17936504
"223","NLD",2011,122.5,3212,107,45.5,155.1,9,83.2,0.956,1420,17.04243358
"224","NLD",2012,124.3,3225,111.9,45.4,157.1,9.1,77.3,0.861,1411,16.91238688
"225","NLD",2013,125.6,3228,111.7,44.5,176.1,8.7,86.3,0.812,1415,16.78433388
"226","NLD",2014,126.7,3213,108.5,43.8,106.6,8.4,57.1,0.794,1426,16.6512098
"227","NLD",2015,128,3240,107.6,45.5,112.2,8.3,63.5,0.798,1426,16.52973601
"228","NLD",2016,130.2,3241,107.6,44.6,110.2,8.2,66.3,0.793,1437,16.40465228
"229","NZL",2005,118.9,3183,92.2,61.5,119.1,9.3,122.1,0.885,1815,17.93041724
"230","NZL",2006,118.5,3151,93.9,59,97,9.3,151.7,0.977,1795,17.86523584
"231","NZL",2007,121,3184,94.4,60.1,114.2,9.2,129.5,0.866,1774,17.7948182
"232","NZL",2008,120.9,3205,94.1,62.4,120.3,9.5,131.7,1.46221040723982,1761,17.73515811
"233","NZL",2009,116.2,3144,92,60.3,110.3,9.3,140.9,1.46221040723982,1740,17.65485225
"234","NZL",2010,118.5,3139,90.4,56.8,109,9.6,123.4,1.46221040723982,1755,17.5955804
"235","NZL",2011,119.7,3137,100.2,58.1,91.5,9.5,121.2,1.46221040723982,1746,17.59545762
"236","NZL",2012,116.8,3127,91.8,57.6,94,9.2,134,1.46221040723982,1734,17.5932481
"237","NZL",2013,116.1,3137,92.5,59.2,99,9.2,129.5,1.46221040723982,1756,17.59492395
"238","NZL",2014,114.3,3148,91.7,57.9,66.8,9.1,124.6,1.46221040723982,1758,17.57544318
"239","NZL",2015,113.5,3154,91.5,57.9,65.7,8.7,125.7,1.46221040723982,1753,17.56540626
"240","NZL",2016,114,3150,96,53.5,73.1,8.9,122.6,1.46221040723982,1754,17.55754352
"241","NOR",2005,156.6,3520,105.4,37.8,131.8,6.4,74.1,0.805,1405.9,15.27225604
"242","NOR",2006,149.2,3446,105,36.7,134.5,6.5,75.7,0.73,1399.3,15.26427241
"243","NOR",2007,148.3,3464,107.1,37.5,142.5,6.6,77.6,0.691,1405.6,15.24567192
"244","NOR",2008,147.2,3478,109.9,38.4,148,6.8,81.7,0.633,1406.6,15.22797092
"245","NOR",2009,147.3,3471,109.7,37.6,129,6.7,78.9,0.69,1387.1,15.23264222
"246","NOR",2010,149,3486,110,38.2,127.4,6.6,71.8,0.682,1395.1,15.21114449
"247","NOR",2011,150.4,3488,109.5,40.3,137.8,6.4,77.8,0.703,1399.9,15.23653306
"248","NOR",2012,150.2,3499,111,41.7,140.6,6.2,73.3,0.679,1396.3,15.27868649
"249","NOR",2013,149.2,3485,110.9,43.9,140.9,6.2,77.2,0.678,1386.7,15.30155959
"250","NOR",2014,143.4,3466,111.2,44.8,81.4,6.1,74.5,0.7,1389.5,15.33522946
"251","NOR",2015,142.1,3423,112.5,44.5,79.6,6,71.9,0.778,1391.9,15.35655243
"252","NOR",2016,142,3407,112.3,43.4,80.2,6,75.1,0.801,1394.7,15.39454288
"253","POL",2005,113.3,3370,98.7,43.6,51.2,9.1,114.9,1.728,1855,11.50376598
"254","POL",2006,112.4,3353,98.7,43.3,51.7,9.9,112.9,1.672,1850,11.50454041
"255","POL",2007,111.9,3364,99.6,43.6,45.3,10.3,127.2,1.559,1850,11.49970875
"256","POL",2008,112.2,3346,98,42.1,55.1,10.8,113.1,1.569,1846,11.49737561
"257","POL",2009,116.5,3418,100.7,43.5,54.7,10.2,126.1,1.619,1834,11.49946175
"258","POL",2010,117.2,3413,101.3,43.5,52.4,10,113.6,1.56,1831,11.49594019
"259","POL",2011,118.1,3443,102.3,43.7,53.9,10.3,129.4,1.507,1822,11.48725748
"260","POL",2012,117.8,3443,101.5,44.5,57.6,10.2,119.8,1.385,1822,11.48297904
"261","POL",2013,119.6,3451,101.5,44.4,60.2,10.8,107.7,1.392,1817,11.48401589
"262","POL",2014,119.2,3414,100.4,44.8,50.1,10.5,120.7,1.348,1822,11.47498762
"263","POL",2015,122.4,3373,100.9,40.9,59,10.5,105.3,1.357,1862,11.46140036
"264","POL",2016,123.9,3451,103.9,45.5,56.6,10.5,121.6,1.371,1831,11.45786229
"265","PRT",2005,136,3531,113.1,30.7,113.6,12,187.1,2.114,1750,16.18244676
"266","PRT",2006,136.5,3521,113.5,29.8,118.6,11.8,151.7,2.07,1739,16.18035742
"267","PRT",2007,139.5,3530,117.3,28.8,115.6,11.5,177.1,2.034,1755,16.17479583
"268","PRT",2008,143.8,3538,114.2,30.2,115,11.5,164.4,2.006,1743,16.15990173
"269","PRT",2009,142.3,3507,114.2,29,117.8,11.5,191.6,2.023,1743,16.15723393
"270","PRT",2010,139.9,3498,114,29.4,107.1,11.3,201.4,1.928,1746,16.14596114
"271","PRT",2011,139.8,3477,111.7,28.4,111,10.9,164.8,1.782,1724,16.12363362
"272","PRT",2012,142.1,3473,110.3,28.3,106.7,9.8,176.3,1.65,1708,16.09654758
"273","PRT",2013,140.3,3477,110.9,28.5,125.3,9.5,152.1,1.511,1718,16.07435282
"274","PRT",2014,133.2,3377,111.1,36.8,107.5,10.2,143.1,1.485,1725,16.06002051
"275","PRT",2015,138.1,3437,112.3,38,101.5,10.3,168.4,1.48,1732,16.04023956
"276","PRT",2016,134,3381,113.1,40.3,117.6,10.4,157.7,1.449,1737,16.02274308
"277","SVK",2005,101.3,2841,74.1,47.8,61,11,74.9,2.193,1769,11.62022563
"278","SVK",2006,104.9,2833,73.9,44.2,57.7,10.6,85.8,2.132,1774,11.61505988
"279","SVK",2007,101.1,2794,71.3,40.6,62.9,10.7,88.9,2.108,1791,11.61610967
"280","SVK",2008,97.3,2864,73.4,51.1,65.8,11.2,97.8,2.098,1793,11.60290728
"281","SVK",2009,108.2,2899,72.5,52,67.8,10.7,95.1,2.339,1780,11.59591323
"282","SVK",2010,111.1,2950,73.8,52.5,63.7,10.1,92.7,2.257,1805,11.58374105
"283","SVK",2011,111.8,2941,74.7,48.5,61.7,10.2,95.3,2.11,1793,11.57531946
"284","SVK",2012,115,2901,69.1,44.5,52.5,10.1,62.6,2.002,1789,11.56196977
"285","SVK",2013,113,2944,72.5,49.7,58.1,9.9,60.5,1.99,1772,11.55512738
"286","SVK",2014,118.8,2823,71.6,53.5,44,10.1,63.4,1.863,1760,11.55093283
"287","SVK",2015,120.8,2718,68,57.9,49.6,10.2,60,1.825,1754,11.53057241
"288","SVK",2016,127,2831,70,82.1,47.6,9.9,68.7,1.859,1740,11.52732585
"289","ESP",2005,146,3220,108.7,29.9,100.2,11.9,155.8,1.541,1723.7,15.68581381
"290","ESP",2006,144.9,3227,110.2,30.2,107.6,11.9,147,1.473,1713.7,15.75132128
"291","ESP",2007,147.3,3223,111.2,29.8,86.4,11.1,154.7,1.433,1701.3,15.82612547
"292","ESP",2008,144.2,3208,108.1,30.2,97.4,10.2,145.4,1.465,1710.1,15.87974555
"293","ESP",2009,144.3,3205,108,30.3,76.6,10,158.4,1.569,1715.8,15.95297776
"294","ESP",2010,144,3183,107,30.4,79.7,9.8,140.5,1.555,1705.8,16.01630418
"295","ESP",2011,144.3,3192,105.9,31.1,74.9,9.6,125.5,1.497,1710.7,16.02373371
"296","ESP",2012,143.8,3173,104.7,31.2,66.2,9.4,126.2,1.447,1696.7,16.03130637
"297","ESP",2013,143.7,3174,104.9,31.2,72.2,9.2,119.2,1.476,1689.8,16.05064303
"298","ESP",2014,141.4,3163,104.8,33.3,81.2,9.5,128.9,1.419,1690.6,16.04948301
"299","ESP",2015,147.2,3195,105.4,33.3,64.8,10.4,125.5,1.396,1694.2,16.06595105
"300","ESP",2016,149.9,3274,107.4,33.5,97.7,10.8,137.1,1.421,1701.5,16.07730251
"301","SWE",2005,124.3,3122,108,41.9,109.7,6.5,84.2,1.155,1453,15.87035956
"302","SWE",2006,122,3091,107.7,41.2,111.6,6.8,88.8,1.142,1451,15.85351129
"303","SWE",2007,121.9,3089,107.1,41.6,117.4,7,86.1,1.111,1463,15.82897503
"304","SWE",2008,125.6,3128,108.9,40.7,134.1,7,88.8,1.14,1472,15.80704019
"305","SWE",2009,127.3,3126,107.7,40.5,117.7,7.3,91.8,1.205,1459,15.78905465
"306","SWE",2010,130,3151,108.5,38.7,119.3,7.4,88.2,1.13,1484,15.7664312
"307","SWE",2011,132.1,3157,106.8,40.2,116.9,7.3,93.9,1.091,1484,15.75980003
"308","SWE",2012,134.5,3170,105.3,40.2,117.7,7.2,98.2,1.112,1472,15.75242092
"309","SWE",2013,130.2,3179,107.7,42.1,125,7.3,94.4,1.096,1464,15.74306369
"310","SWE",2014,135,3198,108.1,50.6,65.8,7.2,88.9,1.097,1465,15.73171858
"311","SWE",2015,136.5,3182,107.9,48,66,7.1,89.7,1.09,1466,15.71771747
"312","SWE",2016,138,3192,106.7,48.1,66.7,7.2,89.9,1.11,1478,15.70623638
"313","CHE",2005,153.8,3386,91.9,58.9,71.9,10.1,88,1.46221040723982,1690,14.76525811
"314","CHE",2006,158,3432,92.2,60,74.3,10.2,88.3,1.46221040723982,1679.2,14.75499877
"315","CHE",2007,155.7,3428,94,59,79.4,10.4,90.5,1.46221040723982,1668.9,14.74428532
"316","CHE",2008,158.7,3445,93.4,59.4,86.5,10.2,95.4,1.46221040723982,1659.5,14.73198952
"317","CHE",2009,156.7,3465,94.6,58.1,95.7,10.1,99.8,1.46221040723982,1650.8,14.71566382
"318","CHE",2010,157,3448,94.8,58.7,103,10,104,1.223,1611,14.7041062
"319","CHE",2011,158.5,3491,95.6,58.2,105.4,10,113.4,1.217,1608,14.70819954
"320","CHE",2012,151.4,3382,92.1,60.4,109.3,9.9,108.3,1.229,1593,14.68247682
"321","CHE",2013,153.6,3391,93.1,60.4,103.6,9.8,108.7,1.235,1573,14.68650401
"322","CHE",2014,156.9,3421,97,52,81.6,9.5,94.8,1.233,1564,14.67689286
"323","CHE",2015,159.1,3398,97.3,48.3,80.9,9.5,93.9,1.288,1577,14.66917995
"324","CHE",2016,155.2,3364,96.7,47.7,80.6,9.3,92.8,1.348,1577,14.6713401
"325","TUR",2005,105,3611,103.3,29.3,120.5,1.3,249,1.46221040723982,1936,15.31783817
"326","TUR",2006,108.2,3647,103,32.1,113.5,1.2,239.8,1.46221040723982,1944,15.292979
"327","TUR",2007,113.5,3630,102.7,28.5,116.8,1.3,234.6,1.46221040723982,1911,15.2662802
"328","TUR",2008,110.3,3595,100.5,30.7,123.6,1.5,244.2,1.46221040723982,1900,15.23938296
"329","TUR",2009,112.5,3621,100.7,32.3,127.3,1.5,235.3,1.46221040723982,1881,15.21323473
"330","TUR",2010,113.8,3650,103.5,33,120.8,1.5,227,1.46221040723982,1877,15.18369869
"331","TUR",2011,120.6,3674,104.5,31.2,122.2,1.5,241,1.46221040723982,1864,15.1632474
"332","TUR",2012,120.1,3690,107.5,31.5,127.1,1.6,239.1,1.46221040723982,1855,15.1366325
"333","TUR",2013,119.7,3706,108.1,31.9,127.2,1.4,241.3,1.46221040723982,1832,15.12205338
"334","TUR",2014,117.6,3659,107.5,31.6,118.5,1.5,229.7,1.46221040723982,1830,15.09208191
"335","TUR",2015,121.3,3723,110.3,31.8,115.8,1.4,238,1.46221040723982,1811,15.07588523
"336","TUR",2016,119.6,3690,108.7,31.8,125.5,1.3,241.5,1.46221040723982,1789,15.05273207
"337","GBR",2005,139.4,3438,103.6,37.6,127,11.4,95.9,1.46221040723982,1544,14.56404133
"338","GBR",2006,147.2,3438,104.1,33,139.1,11,93.4,1.46221040723982,1536,14.58752335
"339","GBR",2007,140.8,3417,104.5,36.1,126.9,11.1,91.6,1.46221040723982,1541,14.60794181
"340","GBR",2008,140.1,3422,102.9,36.5,134.2,10.8,93,1.46221040723982,1525,14.62918481
"341","GBR",2009,139.7,3412,102.1,38.8,125.1,10.1,88.7,1.46221040723982,1516,14.65047211
"342","GBR",2010,142.3,3404,102.1,36.6,123.3,10.1,92.8,1.46221040723982,1507,14.67288254
"343","GBR",2011,138.1,3417,102.9,40.1,125.7,9.9,96.9,1.46221040723982,1515,14.6740109
"344","GBR",2012,138.5,3403,103.4,38.6,126.1,9.6,92.9,1.46221040723982,1531,14.67926104
"345","GBR",2013,138.4,3424,103.2,41.3,127.4,9.4,97,1.264,1534,14.68298238
"346","GBR",2014,138.8,3376,101.7,39,86.2,9.4,83.6,1.253,1542,14.68496617
"347","GBR",2015,139.6,3393,104,37.5,85.4,9.5,79.4,1.244,1525,14.68800828
"348","GBR",2016,137.9,3374,105.4,37,82.4,9.5,81.7,1.233,1541,14.69316479
"349","USA",2005,165,3828,115.1,70.4,109.8,8.5,123,1.872,1794,16.40911571
"350","USA",2006,162.5,3783,114.6,68.4,108.5,8.6,125.9,1.931,1796,16.3642714
"351","USA",2007,163.2,3757,114.9,63.8,109.9,8.7,128.8,1.945,1795,16.31736548
"352","USA",2008,161.4,3700,112.9,61.9,115.1,8.7,116.4,1.969,1786,16.26882272
"353","USA",2009,159.3,3645,110.9,60.2,109.3,8.7,121.8,2.089,1761,16.22243141
"354","USA",2010,159.9,3650,110.6,60.8,103.2,8.6,120.1,2.036,1772,16.1732943
"355","USA",2011,161.7,3649,108.6,62.7,97.7,8.7,116.4,2.013,1778,16.16388696
"356","USA",2012,162.2,3687,109.7,63.5,103.4,8.9,118.2,1.965,1782,16.15166462
"357","USA",2013,161.5,3682,109.6,63.8,104.5,8.8,114,1.941,1780,16.14077819
"358","USA",2014,163.2,3717,110.7,66.3,85.2,8.8,120.2,2.074,1782,16.12451035
"359","USA",2015,164.9,3735,111.4,66.3,86,8.8,117.7,2.158,1783,16.1128989
"360","USA",2016,166.5,3760,112.5,66.3,88.7,8.9,118.2,2.145,1778,16.09688188
"361","BRA",2005,102.4,3078,83.1,42.1,99.4,6.8,43.7,1.46221040723982,1745.23048543689,15.4320245
"362","BRA",2006,105.3,3096,84.4,42,109.4,6.9,46.3,1.46221040723982,1745.23048543689,15.30777975
"363","BRA",2007,107,3106,85.3,41.7,109.3,6.9,46.4,1.46221040723982,1745.23048543689,15.18724971
"364","BRA",2008,111.1,3178,88.6,42.3,114.5,6.8,47.3,1.46221040723982,1745.23048543689,15.07183125
"365","BRA",2009,110.5,3166,88.5,42.1,117.1,7,51.6,1.46221040723982,1745.23048543689,14.96106973
"366","BRA",2010,113,3230,91.6,42.6,129.6,7.2,53.1,1.46221040723982,1745.23048543689,14.86110187
"367","BRA",2011,115.7,3286,94.5,42.5,139.2,7.1,53.9,1.46221040723982,1745.23048543689,14.75610451
"368","BRA",2012,116.8,3248,93.6,42.7,108.2,7.1,50.9,1.46221040723982,1745.23048543689,14.65507299
"369","BRA",2013,117.8,3263,95,42.8,93.2,6.9,51.5,1.46221040723982,1745.23048543689,14.55357032
"370","BRA",2014,123.5,3303,94.3,43.1,101.3,6.9,53.1,1.46221040723982,1745.23048543689,14.4562984
"371","BRA",2015,125.1,3248,92.8,42.8,100.3,6.6,51.5,1.626,1745.23048543689,14.36313321
"372","BRA",2016,124.7,3234,93.2,42.7,88,6.4,52,1.674,1745.23048543689,14.2706369
"373","CHL",2005,80.9,2909,85.9,43.6,57.7,7.2,101.8,1.46221040723982,2157,15.7113909
"374","CHL",2006,86.7,2957,87.7,43.5,56.2,6.9,99.9,1.46221040723982,2165,15.69702083
"375","CHL",2007,88.2,2933,85.6,47.2,58.8,7.4,76,1.46221040723982,2128,15.67890268
"376","CHL",2008,86.5,2943,85.5,47.6,60.9,7.4,79.8,1.46221040723982,2095,15.66122285
"377","CHL",2009,83.8,2892,82.1,47.6,63,7.2,76.9,1.46221040723982,2074,15.6529617
"378","CHL",2010,82.6,2915,83.1,48.6,65.5,7.6,65.6,1.46221040723982,2069.8,15.63186197
"379","CHL",2011,84.8,2956,85.3,48.7,54.2,7.1,68.7,1.46221040723982,2050.2,15.61840168
"380","CHL",2012,86,2958,85.3,48.4,57.4,8.3,72,1.46221040723982,2027.4,15.63337897
"381","CHL",2013,89.4,2979,87.4,47.8,63.9,7.2,71.7,1.46221040723982,2021.3,15.63229028
"382","CHL",2014,91.1,3008,86.7,48.3,65.2,7.9,73.6,1.46221040723982,1994.4,15.62506634
"383","CHL",2015,90.6,2982,86.8,48.6,60.5,7.9,65.9,1.46221040723982,1993.7,15.62657168
"384","CHL",2016,90.4,3009,89.8,48,56.4,6.4,70.4,1.46221040723982,1977.5,15.6252832
"385","CHN",2005,81.3,2879,86.9,6.2,57.9,2.9,283.5,1.46221040723982,1745.23048543689,12.88727619
"386","CHN",2006,84.3,2883,87.1,6.3,61.5,3.3,292.7,1.46221040723982,1745.23048543689,12.90939239
"387","CHN",2007,86.6,2919,89.2,6.5,64.6,3.9,302,1.46221040723982,1745.23048543689,12.93035175
"388","CHN",2008,88.1,2977,91.9,6.4,68.1,4.3,316.9,1.46221040723982,1745.23048543689,12.9455703
"389","CHN",2009,91.1,2994,92.6,6.6,73.1,4.9,321.7,1.46221040723982,1745.23048543689,12.96220205
"390","CHN",2010,93.1,3044,95,6.5,77.1,5.8,332.3,1.46221040723982,1745.23048543689,12.97640595
"391","CHN",2011,93.2,3081,95.6,6.8,84,5.4,338.1,1.46221040723982,1745.23048543689,12.93930138
"392","CHN",2012,94.8,3100,97.4,6.9,91.6,5.5,347.9,1.46221040723982,1745.23048543689,12.90391829
"393","CHN",2013,95.1,3108,98,6.9,93.9,5.6,353.1,1.46221040723982,1745.23048543689,12.86722201
"394","CHN",2014,96,3151,98.3,8.4,92.8,5.7,343.2,1.46221040723982,1745.23048543689,12.82960506
"395","CHN",2015,97,3192,100.1,8,95.1,5.7,358.4,1.46221040723982,1745.23048543689,12.79367709
"396","CHN",2016,97,3159,100.3,7.2,95.7,5.6,363.6,1.46221040723982,1745.23048543689,12.756838
"397","EST",2005,91.8,3167,93,52.6,70.9,13,83.2,1.169,1913,12.25149722
"398","EST",2006,95,3203,93.6,47.8,65.4,13.4,82.2,1.003,1906,12.21314299
"399","EST",2007,93.5,3222,97.1,47.7,79.6,14.8,99.5,0.992,1903,12.17042611
"400","EST",2008,93.8,3313,100.7,43.5,83,14.2,96.4,1.073,1874,12.12389553
"401","EST",2009,95.6,3348,98.7,46.5,82.6,11.9,107.2,1.301,1745,12.0764767
"402","EST",2010,92,3310,99.1,46.2,74.4,11.4,109.6,1.283,1785,12.04137018
"403","EST",2011,89.1,3289,99.6,43.7,71.9,12,122,1.146,1827,12.02732483
"404","EST",2012,94.1,3232,97.8,32.7,80.8,12.1,104.3,1.167,1796,12.00698896
"405","EST",2013,90.7,3253,103.9,31.6,81.1,11.9,115.3,1.155,1777,11.97598537
"406","EST",2014,106.6,3210,100.2,61.5,71.4,11.1,96.5,1.137,1771,11.97255145
"407","EST",2015,120.1,3171,102.4,54.5,76.5,10.6,111.8,1.156,1763,11.94794067
"408","EST",2016,119.4,3142,103,48,78,10.2,100.3,1.223,1767,11.92982599
"409","IND",2005,47.6,2270,53.7,19.8,39,1.3,58.2,1.46221040723982,1745.23048543689,13.62639313
"410","IND",2006,49.3,2334,55.9,20.1,43,1.4,65.4,1.46221040723982,1745.23048543689,13.5480887
"411","IND",2007,50.8,2400,58,20.5,46,1.6,69.6,1.46221040723982,1745.23048543689,13.47367859
"412","IND",2008,49.4,2427,58.4,22.7,49.5,1.9,71,1.46221040723982,1745.23048543689,13.39844665
"413","IND",2009,52.1,2415,57.7,22.8,49.2,2.5,69.4,1.46221040723982,1745.23048543689,13.32784501
"414","IND",2010,51.4,2442,59.6,21.9,52.8,2.7,76.3,1.46221040723982,1745.23048543689,13.25937596
"415","IND",2011,52.1,2455,60,22.2,51.5,3,80.5,1.46221040723982,1745.23048543689,13.24997412
"416","IND",2012,52.6,2435,59.2,23.2,52,3,84.7,1.46221040723982,1745.23048543689,13.24091866
"417","IND",2013,52.3,2459,60.3,23.4,56.4,3,88.7,1.46221040723982,1745.23048543689,13.23396198
"418","IND",2014,53.7,2460,61.1,21.2,58.9,3,89.1,1.46221040723982,1745.23048543689,13.2246621
"419","IND",2015,55.3,2454,60.9,22.6,58.2,3,84.1,1.46221040723982,1745.23048543689,13.2212389
"420","IND",2016,55.5,2498,61.5,22.9,57.8,3,86,1.46221040723982,1745.23048543689,13.21657734
"421","IDN",2005,48.9,2468,53.6,17,58.3,0.1,35.5,1.46221040723982,1745.23048543689,11.6547509
"422","IDN",2006,49.6,2483,55,14.4,62.5,0.1,36.5,1.46221040723982,1745.23048543689,11.62368485
"423","IDN",2007,52.5,2522,56.1,14.3,62.5,0.1,36,1.46221040723982,1745.23048543689,11.59120866
"424","IDN",2008,51.4,2544,56.6,13.8,65.2,0.1,37.7,1.46221040723982,1745.23048543689,11.55902255
"425","IDN",2009,52.5,2603,57.9,14.2,67.6,0.1,39.5,1.46221040723982,1745.23048543689,11.53175236
"426","IDN",2010,54.2,2651,59.6,14.3,57.2,0.1,39.8,1.46221040723982,1745.23048543689,11.50605838
"427","IDN",2011,55.9,2712,61.2,14.8,66.2,0.1,41.3,1.46221040723982,1745.23048543689,11.50186286
"428","IDN",2012,56.5,2770,61.9,16,66.8,0.1,41.8,1.46221040723982,1745.23048543689,11.50192353
"429","IDN",2013,57.7,2777,62.2,17,58.4,0.1,40.4,1.46221040723982,1745.23048543689,11.49992404
"430","IDN",2014,56.6,2819,63.2,16.9,63.6,0.1,42.8,1.46221040723982,1745.23048543689,11.49659457
"431","IDN",2015,54.1,2815,64,16.8,67.8,0.1,41.3,1.46221040723982,1745.23048543689,11.49461303
"432","IDN",2016,56.2,2869,66.2,16.8,61.2,0.1,42.9,1.46221040723982,1745.23048543689,11.48958378
"433","ISR",2005,147.7,3633,128.9,26.8,188.6,2.5,199.2,1.46221040723982,1966.4,14.08936788
"434","ISR",2006,150.2,3624,130.1,25.8,147.2,2.3,181.7,0.921,1955,14.10182288
"435","ISR",2007,146.1,3525,127.5,26.1,136.4,2.5,177.3,0.936,1966.5,14.11159046
"436","ISR",2008,147.4,3523,128.2,25.3,119,2.6,168,0.935,1963.3,14.11289063
"437","ISR",2009,145.8,3514,124.8,26.2,138.3,2.7,175.3,0.99,1962.5,14.13195684
"438","ISR",2010,144.3,3535,125.6,27.6,120.5,2.8,163,0.956,1956.5,14.13778862
"439","ISR",2011,148.8,3546,126.2,27.5,108.2,2.8,167.9,0.939,1947.2,14.09073916
"440","ISR",2012,150.3,3603,127.9,28.1,127.5,2.9,172.7,0.943,1918.8,14.04573015
"441","ISR",2013,151.6,3610,128.1,27.8,118.8,2.9,174.3,0.917,1908.2,14.0080607
"442","ISR",2014,150.6,3576,126.8,31.4,94.9,2.7,174.6,0.918,1894.5,13.96474389
"443","ISR",2015,149,3511,122.6,30.7,93.2,2.7,161.3,0.951,1895.4,13.91589102
"444","ISR",2016,154.4,3518,124.8,30.6,103.2,2.7,165.5,0.937,1922.1,13.87088341
"445","RUS",2005,88.8,3204,94.2,48.4,59.9,8.62933333333333,106.3,1.46221040723982,1989,11.37718211
"446","RUS",2006,91,3247,95.3,50.4,64.8,8.62933333333333,109.6,1.46221040723982,1998,11.38366756
"447","RUS",2007,94,3309,98.5,51,69.9,8.62933333333333,103.7,1.46221040723982,1999,11.39523118
"448","RUS",2008,95.3,3312,99.6,50.8,66.6,18.4,103.8,1.46221040723982,1997,11.39600211
"449","RUS",2009,95.8,3273,99.6,48.2,62.1,16.1,105.5,1.46221040723982,1974,11.39655542
"450","RUS",2010,99.8,3302,101,47.2,66.1,15.8,104.5,1.46221040723982,1976,11.39367682
"451","RUS",2011,101,3331,101.3,48.9,68.4,15.4,109.6,1.46221040723982,1979,11.4150736
"452","RUS",2012,103.4,3366,103.5,48.9,68.7,14.8,112.3,1.46221040723982,1982,11.42549413
"453","RUS",2013,105.6,3361,102.8,49,71.7,14.1,113.5,1.46221040723982,1980,11.44126671
"454","RUS",2014,108.6,3365,102.5,76.4,59.7,14,114.4,1.229,1985,11.46648971
"455","RUS",2015,105.3,3353,102.1,77.5,55.2,13.3,113.7,0.985,1978,11.4795702
"456","RUS",2016,108.9,3339,101.2,76,53.9,13,95.9,1.035,1974,11.50042012
"457","SVN",2005,117.6,3071,98.1,23.8,152,10.3,87.3,1.704,1696.6,12.27672809
"458","SVN",2006,118.9,3120,98.2,23,130.7,12.2,87.6,1.654,1667.4,12.25186998
"459","SVN",2007,119.6,3143,98.3,24,126,11,76.9,1.508,1654.9,12.21834861
"460","SVN",2008,121.9,3156,101.7,24.1,121.9,11,84.9,1.498,1673.5,12.18303455
"461","SVN",2009,121.9,3179,101.9,24.5,132.1,10.5,87.7,1.687,1679,12.16494347
"462","SVN",2010,121.8,3176,100.5,26.1,122.2,10.3,75,1.694,1680.3,12.12960295
"463","SVN",2011,119.4,3165,98.9,25.7,121.4,10.6,79.9,1.669,1663.4,12.11642217
"464","SVN",2012,118.9,3160,98.3,27,110.6,11,74.8,1.755,1644.3,12.10315978
"465","SVN",2013,119.5,3168,96.2,27.4,117.4,9.5,80.3,1.756,1662.2,12.10099228
"466","SVN",2014,113.6,3203,98.9,46.3,111.5,10.9,78.5,1.576,1681.8,12.09557069
"467","SVN",2015,111.6,3164,97.4,49.4,111.4,11.5,87.4,1.555,1687.3,12.07204705
"468","SVN",2016,114.6,3164,98.6,45.6,106.3,10.5,92.1,1.549,1652.4,12.06426632
"469","ZAF",2005,80.3,2952,78.9,30.7,36.5,7.2,41.9,1.46221040723982,1745.23048543689,13.88740722
"470","ZAF",2006,80.4,2927,79.7,31.3,37.6,7.3,40,1.46221040723982,1745.23048543689,13.83285026
"471","ZAF",2007,79.4,2920,81,30.7,34,7.5,42.1,1.46221040723982,1745.23048543689,13.77449278
"472","ZAF",2008,83.3,2924,81.2,30,36.2,7.5,44.8,1.46221040723982,1745.23048543689,13.72177185
"473","ZAF",2009,87,2936,80.4,30.4,32.9,7.3,42.9,1.46221040723982,1745.23048543689,13.66611244
"474","ZAF",2010,86,2992,82.3,35.2,33.6,7.1,45.6,1.46221040723982,1745.23048543689,13.61304037
"475","ZAF",2011,83.9,3002,83.5,35,38.6,7.2,45.1,1.46221040723982,1745.23048543689,13.60763887
"476","ZAF",2012,84.7,3014,84.5,36,32.7,7.2,46.8,1.46221040723982,1745.23048543689,13.60898594
"477","ZAF",2013,83.6,3022,85.3,36.9,38,7.2,43,1.46221040723982,1745.23048543689,13.60827854
"478","ZAF",2014,81,2976,85.5,44.6,31.2,7.2,41.3,1.46221040723982,1745.23048543689,13.61186813
"479","ZAF",2015,83,2942,86.5,45.6,29.4,7.2,44.2,1.46221040723982,1745.23048543689,13.60898132
"480","ZAF",2016,81.4,2921,84.6,43.3,21.2,7.3,40.8,1.46221040723982,1745.23048543689,13.61245187
"481","COL",2005,73.6,2733,62.2,61.7,120.9,4.3,37.1,1.46221040723982,1745.23048543689,10.78598651
"482","COL",2006,75.6,2770,63.8,60.8,134.8,4.4,32.8,1.46221040723982,1745.23048543689,10.67135637
"483","COL",2007,75.9,2804,64.1,61.1,133.8,4.5,34.8,1.46221040723982,1745.23048543689,10.56749079
"484","COL",2008,77.2,2807,64.8,60.9,132.7,4.4,37.8,1.46221040723982,1745.23048543689,10.45625473
"485","COL",2009,74.3,2708,61.5,59.8,122.7,4.2,39.1,1.46221040723982,1745.23048543689,10.35140489
"486","COL",2010,78,2665,61.5,54.6,129.8,4.2,38.5,1.46221040723982,1745.23048543689,10.25175784
"487","COL",2011,78.7,2696,62.5,55.1,123.1,4.3,38.5,1.46221040723982,1745.23048543689,10.24376763
"488","COL",2012,80.5,2752,64.2,56.7,131.7,4.4,41,1.46221040723982,1745.23048543689,10.23056575
"489","COL",2013,82.2,2804,64.4,58.4,145.5,4.3,42.3,1.094,1745.23048543689,10.22062218
"490","COL",2014,86.5,2922,68.5,59.9,163.1,4.2,43.9,1.125,1745.23048543689,10.21492751
"491","COL",2015,87.1,2973,70.5,59.8,180.2,4.2,42,1.159,2194,10.20933493
"492","COL",2016,88,3039,70.9,68.7,177,4.5,48.7,1.17,2191,10.19558687
"493","CRI",2005,82.3,2813,70.8,57.2,151.3,4.1,39.2,1.46221040723982,2352,11.32041628
"494","CRI",2006,86.2,2873,73,57.5,158.7,4.2,57.1,1.46221040723982,2360,11.3252177
"495","CRI",2007,87.5,2858,74.5,58.8,100.2,4.3,52.6,1.46221040723982,2387,11.33605758
"496","CRI",2008,87.7,2844,75.3,56.2,85.2,4.3,56.4,1.46221040723982,2392,11.33153126
"497","CRI",2009,87.5,2843,76.1,54.9,85.1,4.1,53,1.46221040723982,2348,11.33719926
"498","CRI",2010,86.6,2848,75.9,54.7,105.8,3.7,48.2,1.46221040723982,2243.1,11.34988422
"499","CRI",2011,87.9,2882,76.1,54.2,121.6,3.2,47.9,1.212,2285.3,11.3414591
"500","CRI",2012,89.6,2850,74.4,54.4,140.3,3.2,43.9,1.118,2233.4,11.34604448
"501","CRI",2013,90.5,2848,75.1,52.6,133.4,3,49.7,1.037,2140.6,11.33958407
"502","CRI",2014,91.4,2890,76.7,53.8,104.6,3.1,46.6,1.13,2121.7,11.34350121
"503","CRI",2015,94.3,2896,75.9,53.3,123.5,3.2,56.5,1.104,2148.2,11.34674445
"504","CRI",2016,97.4,2978,79.4,56.4,135.9,3.4,49.5,0.996,2204.7,11.3477878
"505","LVA",2005,118.7,3141,85.8,38.5,58.5,9.9,107.9,1.319,1666,11.70570341
"506","LVA",2006,128.2,3213,90.8,32.2,57.7,10.4,104.9,1.325,1668,11.68663167
"507","LVA",2007,124.2,3161,93.2,29.3,61.6,12.1,105.3,1.525,1643,11.6604169
"508","LVA",2008,120.4,3157,96,35.2,52.7,11.8,105.9,1.203,1751,11.64574459
"509","LVA",2009,121,3174,96.8,33.1,48.6,9.9,105.3,1.49,1707,11.63131537
"510","LVA",2010,120,3136,96.3,35.9,46.3,9.8,106.7,1.578,1692,11.61239797
"511","LVA",2011,119.9,3148,96.5,37.5,48.3,10.1,112.4,1.446,1707,11.61962308
"512","LVA",2012,118,3108,92.1,39.9,47.4,10.2,109.6,1.373,1692,11.62006901
"513","LVA",2013,119.5,3174,91.4,42.6,48,10.4,113,1.411,1686,11.62091407
"514","LVA",2014,122.5,3208,98.7,57.2,44.8,10.6,126.4,1.474,1695,11.62916214
"515","LVA",2015,125,3174,94.9,52.3,39.4,10.8,132.6,1.563,1663,11.63716527
"516","LVA",2016,124,3226,103.3,48.7,41.8,11.3,133,1.736,1664,11.64599216
"517","LTU",2005,100.8,3463,120,42.1,73.5,12.5,116,1.94,1659,12.39445355
"518","LTU",2006,101.3,3466,118.9,46.1,108.8,13.2,87,1.811,1655,12.38230715
"519","LTU",2007,103.2,3563,126.2,47.6,99.1,13.9,96.8,1.641,1681,12.36775588
"520","LTU",2008,102.6,3522,127.1,50,62.3,13.9,100.1,1.645,1707,12.35963881
"521","LTU",2009,99,3470,127,47.8,57.4,13.1,106.8,1.964,1645,12.33566722
"522","LTU",2010,99.8,3333,120.5,43.1,42.1,13.5,94.9,1.821,1697,12.327773
"523","LTU",2011,100.6,3409,120.1,45.6,41.6,14.7,109.5,1.689,1674,12.31771127
"524","LTU",2012,94.5,3390,124.2,46.5,55,14.7,112,1.816,1672,12.31135975
"525","LTU",2013,94.6,3417,124.5,47.5,49.1,14.5,109,1.726,1657,12.29386389
"526","LTU",2014,95,3387,120.4,92.1,41.2,14.2,99.4,1.724,1650,12.27910271
"527","LTU",2015,97.3,3382,122.2,91,37.2,14,79.9,1.744,1673,12.27978786
"528","LTU",2016,97.7,3398,125.2,92.3,53.1,13.2,103.2,1.805,1694,12.25978749
"529","BGR",2005,123.207386363636,3267.83712121212,98.9037878787879,43.2291666666667,95.4736742424242,8.62933333333333,108.810795454545,2.362,1659,11.77988198
"530","BGR",2006,123.207386363636,3267.83712121212,98.9037878787879,43.2291666666667,95.4736742424242,8.62933333333333,108.810795454545,2.402,1654,11.76478032
"531","BGR",2007,123.207386363636,3267.83712121212,98.9037878787879,43.2291666666667,95.4736742424242,8.62933333333333,108.810795454545,2.175,1655,11.74186951
"532","BGR",2008,123.207386363636,3267.83712121212,98.9037878787879,43.2291666666667,95.4736742424242,8.62933333333333,108.810795454545,2.22,1694,11.72827842
"533","BGR",2012,123.207386363636,3267.83712121212,98.9037878787879,43.2291666666667,95.4736742424242,8.62933333333333,108.810795454545,2.86,1644,11.68089007
"534","BGR",2013,123.207386363636,3267.83712121212,98.9037878787879,43.2291666666667,95.4736742424242,8.62933333333333,108.810795454545,2.502,1645,11.684223
"535","BGR",2014,123.207386363636,3267.83712121212,98.9037878787879,43.2291666666667,95.4736742424242,8.62933333333333,108.810795454545,2.688,1644,11.67505895
"536","BGR",2015,123.207386363636,3267.83712121212,98.9037878787879,43.2291666666667,95.4736742424242,8.62933333333333,108.810795454545,2.664,1644,11.67275186
"537","BGR",2016,123.207386363636,3267.83712121212,98.9037878787879,43.2291666666667,95.4736742424242,8.62933333333333,108.810795454545,2.747,1644,11.66755338
"538","HRV",2011,123.207386363636,3267.83712121212,98.9037878787879,43.2291666666667,95.4736742424242,8.62933333333333,108.810795454545,2.261,1939,11.91426758
"539","HRV",2012,123.207386363636,3267.83712121212,98.9037878787879,43.2291666666667,95.4736742424242,8.62933333333333,108.810795454545,2.286,1923,11.91683511
"540","HRV",2013,123.207386363636,3267.83712121212,98.9037878787879,43.2291666666667,95.4736742424242,8.62933333333333,108.810795454545,1.652,1908,11.91757394
"541","HRV",2014,123.207386363636,3267.83712121212,98.9037878787879,43.2291666666667,95.4736742424242,8.62933333333333,108.810795454545,1.478,1891,11.92311984
"542","HRV",2015,123.207386363636,3267.83712121212,98.9037878787879,43.2291666666667,95.4736742424242,8.62933333333333,108.810795454545,1.43,1827,11.91898076
"543","HRV",2016,123.207386363636,3267.83712121212,98.9037878787879,43.2291666666667,95.4736742424242,8.62933333333333,108.810795454545,1.48,1834,11.92100945
"544","CYP",2005,123.207386363636,3267.83712121212,98.9037878787879,43.2291666666667,95.4736742424242,8.62933333333333,108.810795454545,1.187,1847,14.56930779
"545","CYP",2006,123.207386363636,3267.83712121212,98.9037878787879,43.2291666666667,95.4736742424242,8.62933333333333,108.810795454545,1.151,1833,14.56470916
"546","CYP",2007,123.207386363636,3267.83712121212,98.9037878787879,43.2291666666667,95.4736742424242,8.62933333333333,108.810795454545,1.121,1862,14.55745778
"547","CYP",2008,123.207386363636,3267.83712121212,98.9037878787879,43.2291666666667,95.4736742424242,8.62933333333333,108.810795454545,1.118,1868,14.55906977
"548","CYP",2009,123.207386363636,3267.83712121212,98.9037878787879,43.2291666666667,95.4736742424242,8.62933333333333,108.810795454545,1.153,1847,14.54812446
"549","CYP",2010,123.207386363636,3267.83712121212,98.9037878787879,43.2291666666667,95.4736742424242,8.62933333333333,108.810795454545,1.048,1845,14.54920628
"550","CYP",2011,123.207386363636,3267.83712121212,98.9037878787879,43.2291666666667,95.4736742424242,8.62933333333333,108.810795454545,1.028,1847,14.55368487
"551","CYP",2012,123.207386363636,3267.83712121212,98.9037878787879,43.2291666666667,95.4736742424242,8.62933333333333,108.810795454545,1.055,1845,14.57642298
"552","CYP",2013,123.207386363636,3267.83712121212,98.9037878787879,43.2291666666667,95.4736742424242,8.62933333333333,108.810795454545,1.141,1810,14.57751224
"553","CYP",2014,123.207386363636,3267.83712121212,98.9037878787879,43.2291666666667,95.4736742424242,8.62933333333333,108.810795454545,1.166,1815,14.57556301
"554","CYP",2015,123.207386363636,3267.83712121212,98.9037878787879,43.2291666666667,95.4736742424242,8.62933333333333,108.810795454545,1.243,1824,14.59010557
"555","CYP",2016,123.207386363636,3267.83712121212,98.9037878787879,43.2291666666667,95.4736742424242,8.62933333333333,108.810795454545,1.233,1840,14.59620075
"556","ROU",2005,123.207386363636,3267.83712121212,98.9037878787879,43.2291666666667,95.4736742424242,8.62933333333333,108.810795454545,1.564,1877,11.52713828
"557","ROU",2006,123.207386363636,3267.83712121212,98.9037878787879,43.2291666666667,95.4736742424242,8.62933333333333,108.810795454545,1.419,1836,11.51688417
"558","ROU",2007,123.207386363636,3267.83712121212,98.9037878787879,43.2291666666667,95.4736742424242,8.62933333333333,108.810795454545,1.334,1840,11.51060313
"559","ROU",2008,123.207386363636,3267.83712121212,98.9037878787879,43.2291666666667,95.4736742424242,8.62933333333333,108.810795454545,1.298,1835,11.50326936
"560","ROU",2009,123.207386363636,3267.83712121212,98.9037878787879,43.2291666666667,95.4736742424242,8.62933333333333,108.810795454545,1.311,1815,11.48930106
"561","ROU",2010,123.207386363636,3267.83712121212,98.9037878787879,43.2291666666667,95.4736742424242,8.62933333333333,108.810795454545,1.426,1841,11.48849634
"562","ROU",2011,123.207386363636,3267.83712121212,98.9037878787879,43.2291666666667,95.4736742424242,8.62933333333333,108.810795454545,1.808,1849,11.48888943
"563","ROU",2012,123.207386363636,3267.83712121212,98.9037878787879,43.2291666666667,95.4736742424242,8.62933333333333,108.810795454545,1.723,1812,11.49915443
"564","ROU",2013,123.207386363636,3267.83712121212,98.9037878787879,43.2291666666667,95.4736742424242,8.62933333333333,108.810795454545,2.039,1806,11.49304476
"565","ROU",2014,123.207386363636,3267.83712121212,98.9037878787879,43.2291666666667,95.4736742424242,8.62933333333333,108.810795454545,1.772,1793,11.50618589
"566","ROU",2015,123.207386363636,3267.83712121212,98.9037878787879,43.2291666666667,95.4736742424242,8.62933333333333,108.810795454545,1.654,1786,11.51247566
"567","ROU",2016,123.207386363636,3267.83712121212,98.9037878787879,43.2291666666667,95.4736742424242,8.62933333333333,108.810795454545,1.555,1809,11.51387782
"568","MLT",2014,123.207386363636,3267.83712121212,98.9037878787879,43.2291666666667,95.4736742424242,8.62933333333333,108.810795454545,1.574,1971,14.58414395
"569","MLT",2015,123.207386363636,3267.83712121212,98.9037878787879,43.2291666666667,95.4736742424242,8.62933333333333,108.810795454545,1.593,1955,14.60164635
"570","MLT",2016,123.207386363636,3267.83712121212,98.9037878787879,43.2291666666667,95.4736742424242,8.62933333333333,108.810795454545,1.475,2038,14.62045601
"571","BGR",2009,123.207386363636,3267.83712121212,98.9037878787879,43.2291666666667,95.4736742424242,8.62933333333333,108.810795454545,1.46221040723982,1646,11.70671367
"572","BGR",2010,123.207386363636,3267.83712121212,98.9037878787879,43.2291666666667,95.4736742424242,8.62933333333333,108.810795454545,1.46221040723982,1645,11.69020746
"573","BGR",2011,123.207386363636,3267.83712121212,98.9037878787879,43.2291666666667,95.4736742424242,8.62933333333333,108.810795454545,1.46221040723982,1644,11.68960974
"574","HRV",2005,123.207386363636,3267.83712121212,98.9037878787879,43.2291666666667,95.4736742424242,8.62933333333333,108.810795454545,1.46221040723982,1926,11.99545685
"575","HRV",2006,123.207386363636,3267.83712121212,98.9037878787879,43.2291666666667,95.4736742424242,8.62933333333333,108.810795454545,1.46221040723982,1928,11.98228141
"576","HRV",2007,123.207386363636,3267.83712121212,98.9037878787879,43.2291666666667,95.4736742424242,8.62933333333333,108.810795454545,1.46221040723982,1930,11.96527542
"577","HRV",2008,123.207386363636,3267.83712121212,98.9037878787879,43.2291666666667,95.4736742424242,8.62933333333333,108.810795454545,1.46221040723982,1931,11.94133211
"578","HRV",2009,123.207386363636,3267.83712121212,98.9037878787879,43.2291666666667,95.4736742424242,8.62933333333333,108.810795454545,1.46221040723982,1928,11.93279339
"579","HRV",2010,123.207386363636,3267.83712121212,98.9037878787879,43.2291666666667,95.4736742424242,8.62933333333333,108.810795454545,1.46221040723982,1942,11.91371518
"580","MLT",2005,123.207386363636,3267.83712121212,98.9037878787879,43.2291666666667,95.4736742424242,8.62933333333333,108.810795454545,1.46221040723982,2167,14.6408015
"581","MLT",2006,123.207386363636,3267.83712121212,98.9037878787879,43.2291666666667,95.4736742424242,8.62933333333333,108.810795454545,1.46221040723982,2175,14.61352514
"582","MLT",2007,123.207386363636,3267.83712121212,98.9037878787879,43.2291666666667,95.4736742424242,8.62933333333333,108.810795454545,1.46221040723982,2171,14.58226328
"583","MLT",2008,123.207386363636,3267.83712121212,98.9037878787879,43.2291666666667,95.4736742424242,8.62933333333333,108.810795454545,1.46221040723982,2184,14.57921109
"584","MLT",2009,123.207386363636,3267.83712121212,98.9037878787879,43.2291666666667,95.4736742424242,8.62933333333333,108.810795454545,1.46221040723982,2190,14.54409603
"585","MLT",2010,123.207386363636,3267.83712121212,98.9037878787879,43.2291666666667,95.4736742424242,8.62933333333333,108.810795454545,1.46221040723982,2136,14.52740446
"586","MLT",2011,123.207386363636,3267.83712121212,98.9037878787879,43.2291666666667,95.4736742424242,8.62933333333333,108.810795454545,1.46221040723982,2069,14.546763
"587","MLT",2012,123.207386363636,3267.83712121212,98.9037878787879,43.2291666666667,95.4736742424242,8.62933333333333,108.810795454545,1.46221040723982,2037,14.54858271
"588","MLT",2013,123.207386363636,3267.83712121212,98.9037878787879,43.2291666666667,95.4736742424242,8.62933333333333,108.810795454545,1.46221040723982,2017,14.57187395
